<mails>
	 
	 <!-- 
	<mail>
		<smtp>smtp.163.com</smtp>
		<from>itsunshine_net@163.com</from>
		<account>itsunshine_net</account>
		<password>liaobo626</password>
	</mail>
	 -->
	 
	 <!-- 
	<mail>
		<smtp>smtp.126.com</smtp>
		<from>forexbi@126.com</from>
		<account>forexbi</account>
		<password>liaobo626</password>
	</mail>
	 -->
	 
	<mail>
		<smtp>smtp.qq.com</smtp>
		<from>2177003519@qq.com</from>
		<account>2177003519</account>
		<password>sgisovtwzlmpebcc</password>
	</mail>
	<!-- 
	<mail>
		<smtp>smtp.sina.cn</smtp>
		<from>itsunshine_net@sina.cn</from>
		<account>itsunshine_net</account>
		<password>200366.cn</password>
	</mail>
	  -->
	<!-- 
	<mail>
		<smtp>smtp.126.com</smtp>
		<from>itsunshine_net@126.com</from>
		<account>itsunshine_net</account>
		<password>liaobo626</password>
	</mail>
	 -->
</mails>